County,TotalPop,MalePop,FemalePop,MedianAge,MaleMedianAge,FemaleMedianAge,Under5yoPop,Under18yoPop,Pop21andOlder,Pop55andOlder,Pop60andOlder,Pop65andOlder,PercFemale,PercUnder18yo,num_desig,amer_indian,black,hispanic,asian,multi_race,pac_island,white,poverty,labor_force,unemployed,median_income,TotalDeaths,TotalCases,prop_hpsa,nonwhite_prop,Rating,Deaths,DeathsperThou,unempl_prop,poverty_prop,prop55older,Cases,HospNumber,CasesperThou
Alameda,1682353,824426,857927,37.7,36.9,38.5,89533,343965,1270547,440539,335671,240483,NA,20.4,0,4089,164053,364036,541582,70157,13020,481109,152654,831600,37400,108971,1356,48461,0,0.7140261288802053,As Expected,1153,0.6853496263863768,0.04497354497354497,0.09073838843572068,0.26185883699794277,39450,1253,23.44929987939511
Alameda,1682353,824426,857927,37.7,36.9,38.5,89533,343965,1270547,440539,335671,240483,NA,20.4,0,4089,164053,364036,541582,70157,13020,481109,152654,831600,37400,108971,1356,48461,0,0.7140261288802053,Better,83,0.049335662610641165,0.04497354497354497,0.09073838843572068,0.26185883699794277,6281,53,3.7334614079209296
Alameda,1682353,824426,857927,37.7,36.9,38.5,89533,343965,1270547,440539,335671,240483,NA,20.4,0,4089,164053,364036,541582,70157,13020,481109,152654,831600,37400,108971,1356,48461,0,0.7140261288802053,Worse,120,0.07132866883466193,0.04497354497354497,0.09073838843572068,0.26185883699794277,2730,66,1.6227272159885588
Butte,211632,104641,106991,37.9,36.9,39,11199,43293,156699,66939,54054,40155,50.6,20.5,27,3259,3442,38515,10757,8041,460,143141,33874,91100,4900,62982,369,14588,0.5,0.32363253194223934,As Expected,348,1.644363801315491,0.05378704720087816,0.16006086036138203,0.3162990474030392,11433,311,54.02302109321842
Butte,211632,104641,106991,37.9,36.9,39,11199,43293,156699,66939,54054,40155,50.6,20.5,27,3259,3442,38515,10757,8041,460,143141,33874,91100,4900,62982,369,14588,0.5,0.32363253194223934,Better,21,0.09922885007938309,0.05378704720087816,0.16006086036138203,0.3162990474030392,3155,19,14.907953428593029
Butte,211632,104641,106991,37.9,36.9,39,11199,43293,156699,66939,54054,40155,50.6,20.5,27,3259,3442,38515,10757,8041,460,143141,33874,91100,4900,62982,369,14588,0.5,0.32363253194223934,Worse,0,0,0.05378704720087816,0.16006086036138203,0.3162990474030392,0,10,0
Contra Costa,1165927,568066,597861,40.1,38.8,41.2,62032,263255,859415,346492,266139,192799,51.3,22.6,0,3105,98765,305190,215654,49340,5535,466451,100948,553600,24900,110595,909,32411,0,0.5999312135322366,As Expected,827,0.7093068433958558,0.044978323699421965,0.08658174997233961,0.2971815559636238,28143,740,24.137874841220764
Contra Costa,1165927,568066,597861,40.1,38.8,41.2,62032,263255,859415,346492,266139,192799,51.3,22.6,0,3105,98765,305190,215654,49340,5535,466451,100948,553600,24900,110595,909,32411,0,0.5999312135322366,Better,30,0.025730598913997187,0.044978323699421965,0.08658174997233961,0.2971815559636238,3074,24,2.6365287020542456
Contra Costa,1165927,568066,597861,40.1,38.8,41.2,62032,263255,859415,346492,266139,192799,51.3,22.6,0,3105,98765,305190,215654,49340,5535,466451,100948,553600,24900,110595,909,32411,0,0.5999312135322366,Worse,52,0.04459970478426179,0.044978323699421965,0.08658174997233961,0.2971815559636238,1194,24,1.0240778367770882
Del Norte,27743,15035,12708,40.2,38.4,43.4,1412,5691,21274,9270,7269,5241,45.8,20.5,1,1862,967,5052,1016,945,30,16264,5368,9480,560,48108,34,1066,0.5,0.41376203006163714,As Expected,34,1.2255343690300255,0.05907172995780591,0.19349024979274052,0.33413834120318636,866,74,31.21508128176477
Del Norte,27743,15035,12708,40.2,38.4,43.4,1412,5691,21274,9270,7269,5241,45.8,20.5,1,1862,967,5052,1016,945,30,16264,5368,9480,560,48108,34,1066,0.5,0.41376203006163714,Better,0,0,0.05907172995780591,0.19349024979274052,0.33413834120318636,200,2,7.209025700176621
Del Norte,27743,15035,12708,40.2,38.4,43.4,1412,5691,21274,9270,7269,5241,45.8,20.5,1,1862,967,5052,1016,945,30,16264,5368,9480,560,48108,34,1066,0.5,0.41376203006163714,Worse,0,0,0.05907172995780591,0.19349024979274052,0.33413834120318636,0,1,0
El Dorado,191185,94829,96356,46.3,45.3,47.4,8523,39102,146173,74409,58985,42658,50.4,20.5,12,1412,1721,25868,9619,6338,316,142857,16839,93900,3900,87689,92,3157,0.23076923076923078,0.25278133744802156,As Expected,92,0.481209299892774,0.04153354632587859,0.08807699348798284,0.3891989434317546,3157,155,16.51280173653791
El Dorado,191185,94829,96356,46.3,45.3,47.4,8523,39102,146173,74409,58985,42658,50.4,20.5,12,1412,1721,25868,9619,6338,316,142857,16839,93900,3900,87689,92,3157,0.23076923076923078,0.25278133744802156,Better,0,0,0.04153354632587859,0.08807699348798284,0.3891989434317546,0,2,0
El Dorado,191185,94829,96356,46.3,45.3,47.4,8523,39102,146173,74409,58985,42658,50.4,20.5,12,1412,1721,25868,9619,6338,316,142857,16839,93900,3900,87689,92,3157,0.23076923076923078,0.25278133744802156,Worse,0,0,0.04153354632587859,0.08807699348798284,0.3891989434317546,0,4,0
Humboldt,136463,67754,68709,39.1,38.3,39.9,6678,26654,103999,43483,35242,26122,50.3,19.5,30,6975,1679,17321,3784,6638,386,97521,25781,58800,2900,53924,173,3837,0.32967032967032966,0.2853667294431458,As Expected,135,0.9892791452628185,0.04931972789115646,0.18892300477052387,0.3186431486923195,3261,256,23.89658735334853
Humboldt,136463,67754,68709,39.1,38.3,39.9,6678,26654,103999,43483,35242,26122,50.3,19.5,30,6975,1679,17321,3784,6638,386,97521,25781,58800,2900,53924,173,3837,0.32967032967032966,0.2853667294431458,Better,0,0,0.04931972789115646,0.18892300477052387,0.3186431486923195,0,4,0
Humboldt,136463,67754,68709,39.1,38.3,39.9,6678,26654,103999,43483,35242,26122,50.3,19.5,30,6975,1679,17321,3784,6638,386,97521,25781,58800,2900,53924,173,3837,0.32967032967032966,0.2853667294431458,Worse,38,0.2784637594073119,0.04931972789115646,0.18892300477052387,0.3186431486923195,576,15,4.220924353121359
Imperial,179702,90121,89581,34.6,33.1,36.3,10762,47502,124362,45369,34747,24493,49.8,26.4,31,1343,4131,154215,2117,1004,142,16838,29738,71900,14200,50970,118,3971,0.30392156862745096,0.9063004307130694,As Expected,103,0.5731711388854882,0.19749652294853964,0.16548508085608396,0.2524679747582108,3348,159,18.630844397947712
Imperial,179702,90121,89581,34.6,33.1,36.3,10762,47502,124362,45369,34747,24493,49.8,26.4,31,1343,4131,154215,2117,1004,142,16838,29738,71900,14200,50970,118,3971,0.30392156862745096,0.9063004307130694,Better,4,0.02225907335477624,0.19749652294853964,0.16548508085608396,0.2524679747582108,420,2,2.3372027022515054
Imperial,179702,90121,89581,34.6,33.1,36.3,10762,47502,124362,45369,34747,24493,49.8,26.4,31,1343,4131,154215,2117,1004,142,16838,29738,71900,14200,50970,118,3971,0.30392156862745096,0.9063004307130694,Worse,11,0.061212451725634665,0.19749652294853964,0.16548508085608396,0.2524679747582108,203,9,1.129647972754894
Kern,909235,460227,449008,32.8,32.1,33.5,63450,257496,612107,206652,155267,107188,49.4,28.3,122,5309,46510,509761,44728,18003,1097,284704,164169,397400,32000,57926,687,26174,0.4899598393574297,0.6868752302760013,As Expected,577,0.6345994159925652,0.0805234021137393,0.18055728167085516,0.22728117593361452,22062,760,24.26435409987517
Kern,909235,460227,449008,32.8,32.1,33.5,63450,257496,612107,206652,155267,107188,49.4,28.3,122,5309,46510,509761,44728,18003,1097,284704,164169,397400,32000,57926,687,26174,0.4899598393574297,0.6868752302760013,Better,14,0.015397559486821338,0.0805234021137393,0.18055728167085516,0.22728117593361452,1742,9,1.9158963304316265
Kern,909235,460227,449008,32.8,32.1,33.5,63450,257496,612107,206652,155267,107188,49.4,28.3,122,5309,46510,509761,44728,18003,1097,284704,164169,397400,32000,57926,687,26174,0.4899598393574297,0.6868752302760013,Worse,96,0.10558326505248918,0.0805234021137393,0.18055728167085516,0.22728117593361452,2370,52,2.6065868559833265
Kings,152486,82573,69913,32.9,33.2,32.5,10409,40551,105533,32049,23620,16146,45.8,26.6,27,1384,9500,86302,5776,3504,314,45560,24295,57500,4400,60810,187,4715,0.4153846153846154,0.7012184725155096,As Expected,126,0.826305365738494,0.07652173913043478,0.1593261020683866,0.2101766719567698,3468,92,22.743071495088074
Kings,152486,82573,69913,32.9,33.2,32.5,10409,40551,105533,32049,23620,16146,45.8,26.6,27,1384,9500,86302,5776,3504,314,45560,24295,57500,4400,60810,187,4715,0.4153846153846154,0.7012184725155096,Better,0,0,0.07652173913043478,0.1593261020683866,0.2101766719567698,0,2,0
Kings,152486,82573,69913,32.9,33.2,32.5,10409,40551,105533,32049,23620,16146,45.8,26.6,27,1384,9500,86302,5776,3504,314,45560,24295,57500,4400,60810,187,4715,0.4153846153846154,0.7012184725155096,Worse,61,0.40003672468292173,0.07652173913043478,0.1593261020683866,0.2101766719567698,1247,6,8.177799929173826
Los Angeles,10014009,4906513,5107496,37.5,36.4,38.7,501341,2054218,7551543,2680864,2038645,1453950,NA,20.5,692,18288,774678,4764535,1466206,221454,21481,2483423,1365808,5004300,292000,77356,7929,321321,0.49855907780979825,0.7520051160329494,As Expected,6279,0.6270216054329489,0.05834981915552625,0.1363897316249666,0.26771136315136124,240728,7949,24.0391235917603
Los Angeles,10014009,4906513,5107496,37.5,36.4,38.7,501341,2054218,7551543,2680864,2038645,1453950,NA,20.5,692,18288,774678,4764535,1466206,221454,21481,2483423,1365808,5004300,292000,77356,7929,321321,0.49855907780979825,0.7520051160329494,Better,870,0.08687829220045638,0.05834981915552625,0.1363897316249666,0.26771136315136124,64637,517,6.454657670069999
Los Angeles,10014009,4906513,5107496,37.5,36.4,38.7,501341,2054218,7551543,2680864,2038645,1453950,NA,20.5,692,18288,774678,4764535,1466206,221454,21481,2483423,1365808,5004300,292000,77356,7929,321321,0.49855907780979825,0.7520051160329494,Worse,780,0.07789088266247814,0.05834981915552625,0.1363897316249666,0.26771136315136124,15956,308,1.5933678509775655
Marin,262321,128593,133728,46.5,45.1,47.8,11547,52870,201202,97331,77677,59247,NA,20.2,0,484,5983,42278,16825,8818,433,176987,19734,132300,4900,118472,180,5405,0,0.32530373092508796,As Expected,180,0.6861821966216962,0.037037037037037035,0.0752284414896253,0.371037774329924,5405,312,20.604526515223714
Marin,262321,128593,133728,46.5,45.1,47.8,11547,52870,201202,97331,77677,59247,NA,20.2,0,484,5983,42278,16825,8818,433,176987,19734,132300,4900,118472,180,5405,0,0.32530373092508796,Better,0,0,0.037037037037037035,0.0752284414896253,0.371037774329924,0,6,0
Marin,262321,128593,133728,46.5,45.1,47.8,11547,52870,201202,97331,77677,59247,NA,20.2,0,484,5983,42278,16825,8818,433,176987,19734,132300,4900,118472,180,5405,0,0.32530373092508796,Worse,0,0,0.037037037037037035,0.0752284414896253,0.371037774329924,0,2,0
Monterey,439035,221123,217912,35,34,36,26907,111258,307491,111166,86741,62416,49.6,25.3,44,1243,10007,261103,24738,10222,1866,123960,50725,237300,11700,81404,390,11072,0.5789473684210527,0.7176534900406574,As Expected,334,0.7607593927591194,0.0493046776232617,0.11553748562187525,0.2532053253157493,9968,361,22.70434020066737
Monterey,439035,221123,217912,35,34,36,26907,111258,307491,111166,86741,62416,49.6,25.3,44,1243,10007,261103,24738,10222,1866,123960,50725,237300,11700,81404,390,11072,0.5789473684210527,0.7176534900406574,Better,0,0,0.0493046776232617,0.11553748562187525,0.2532053253157493,0,2,0
Monterey,439035,221123,217912,35,34,36,26907,111258,307491,111166,86741,62416,49.6,25.3,44,1243,10007,261103,24738,10222,1866,123960,50725,237300,11700,81404,390,11072,0.5789473684210527,0.7176534900406574,Worse,56,0.12755247303745715,0.0493046776232617,0.11553748562187525,0.2532053253157493,1104,33,2.514605897024155
Napa,138019,67777,70242,42.9,41.3,44.4,6139,27546,105537,47661,38053,28688,50.9,NA,0,487,2549,47783,11732,3431,373,68225,11814,72000,2600,94127,180,4218,0,0.5056840000289815,As Expected,180,1.30416826668792,0.03611111111111111,0.0855969105702838,0.345322020881183,4218,216,30.561009716053587
Napa,138019,67777,70242,42.9,41.3,44.4,6139,27546,105537,47661,38053,28688,50.9,NA,0,487,2549,47783,11732,3431,373,68225,11814,72000,2600,94127,180,4218,0,0.5056840000289815,Better,0,0,0.03611111111111111,0.0855969105702838,0.345322020881183,0,4,0
Napa,138019,67777,70242,42.9,41.3,44.4,6139,27546,105537,47661,38053,28688,50.9,NA,0,487,2549,47783,11732,3431,373,68225,11814,72000,2600,94127,180,4218,0,0.5056840000289815,Worse,0,0,0.03611111111111111,0.0855969105702838,0.345322020881183,0,3,0
Orange,3186989,1563452,1623537,39,37.6,40.3,156601,667331,2381657,912040,695534,501104,50.9,20.9,85,6127,54025,1067103,701414,91338,8683,1211785,309402,1592500,62600,100210,2036,71900,0.49707602339181284,0.6197712009674335,As Expected,1878,0.5892709388077587,0.039309262166405026,0.09708285783226739,0.2861760740310054,63651,2249,19.972142985118555
Orange,3186989,1563452,1623537,39,37.6,40.3,156601,667331,2381657,912040,695534,501104,50.9,20.9,85,6127,54025,1067103,701414,91338,8683,1211785,309402,1592500,62600,100210,2036,71900,0.49707602339181284,0.6197712009674335,Better,138,0.043301059401209104,0.039309262166405026,0.09708285783226739,0.2861760740310054,8083,174,2.5362497328983564
Orange,3186989,1563452,1623537,39,37.6,40.3,156601,667331,2381657,912040,695534,501104,50.9,20.9,85,6127,54025,1067103,701414,91338,8683,1211785,309402,1592500,62600,100210,2036,71900,0.49707602339181284,0.6197712009674335,Worse,20,0.006275515855247696,0.039309262166405026,0.09708285783226739,0.2861760740310054,166,70,0.05208678159855588
Placer,404739,196942,207797,42.4,41,43.8,20691,91622,299162,137262,109559,82923,51.3,22.6,10,2232,7611,62605,36534,16369,940,286753,26816,195700,7800,103588,603,15515,0.3125,0.2915113196405585,As Expected,409,1.0105277722186397,0.0398569238630557,0.0662550433736309,0.33913707352145456,11138,324,27.51896901459953
Placer,404739,196942,207797,42.4,41,43.8,20691,91622,299162,137262,109559,82923,51.3,22.6,10,2232,7611,62605,36534,16369,940,286753,26816,195700,7800,103588,603,15515,0.3125,0.2915113196405585,Better,26,0.0642389292852925,0.0398569238630557,0.0662550433736309,0.33913707352145456,1248,18,3.0834686056940397
Placer,404739,196942,207797,42.4,41,43.8,20691,91622,299162,137262,109559,82923,51.3,22.6,10,2232,7611,62605,36534,16369,940,286753,26816,195700,7800,103588,603,15515,0.3125,0.2915113196405585,Worse,168,0.41508231230496695,0.0398569238630557,0.0662550433736309,0.33913707352145456,3129,16,7.7309080666800085
Riverside,2418185,1199118,1219067,36.8,35.8,37.9,139284,594680,1715512,665267,512874,370792,50.4,24.6,110,11350,153510,1258192,168829,60089,7620,788052,282068,1143100,61800,78690,1481,63954,0.6875,0.674114263383488,As Expected,1279,0.5289090785030922,0.05406351150380544,0.11664450817451932,0.27511005154692464,50990,1614,21.086062480744857
Riverside,2418185,1199118,1219067,36.8,35.8,37.9,139284,594680,1715512,665267,512874,370792,50.4,24.6,110,11350,153510,1258192,168829,60089,7620,788052,282068,1143100,61800,78690,1481,63954,0.6875,0.674114263383488,Better,172,0.07112772595975908,0.05406351150380544,0.11664450817451932,0.27511005154692464,12417,66,5.134842867687956
Riverside,2418185,1199118,1219067,36.8,35.8,37.9,139284,594680,1715512,665267,512874,370792,50.4,24.6,110,11350,153510,1258192,168829,60089,7620,788052,282068,1143100,61800,78690,1481,63954,0.6875,0.674114263383488,Worse,30,0.012405998713911466,0.05406351150380544,0.11664450817451932,0.27511005154692464,547,52,0.2262027098836524
Sacramento,1585055,774787,810268,36.9,35.7,38.2,93714,367746,1157501,432089,332185,237649,51.1,23.2,0,7690,151708,379548,267232,81229,18208,661947,203413,734900,34500,79611,1653,58222,0,0.5823823148092653,As Expected,1480,0.9337215427855815,0.046945162607157434,0.12833182444773208,0.2726018970950535,51294,970,32.36102217273218
Sacramento,1585055,774787,810268,36.9,35.7,38.2,93714,367746,1157501,432089,332185,237649,51.1,23.2,0,7690,151708,379548,267232,81229,18208,661947,203413,734900,34500,79611,1653,58222,0,0.5823823148092653,Better,70,0.044162505402020755,0.046945162607157434,0.12833182444773208,0.2726018970950535,4680,41,2.9525789325922442
Sacramento,1585055,774787,810268,36.9,35.7,38.2,93714,367746,1157501,432089,332185,237649,51.1,23.2,0,7690,151708,379548,267232,81229,18208,661947,203413,734900,34500,79611,1653,58222,0,0.5823823148092653,Worse,103,0.06498197223440196,0.046945162607157434,0.12833182444773208,0.2726018970950535,2248,37,1.4182473163391807
San Bernardino,2181654,1078849,1102805,34.9,33.7,36,135299,552612,1532953,538762,403345,277924,50.5,25.3,191,8121,175551,1217877,173233,48725,6916,558853,285474,999400,51000,74218,1490,65377,0.6345514950166113,0.7438397656090288,As Expected,1182,0.5417907697554241,0.051030618371022615,0.13085209662027067,0.2469511664086056,52777,1406,24.191278727057544
San Bernardino,2181654,1078849,1102805,34.9,33.7,36,135299,552612,1532953,538762,403345,277924,50.5,25.3,191,8121,175551,1217877,173233,48725,6916,558853,285474,999400,51000,74218,1490,65377,0.6345514950166113,0.7438397656090288,Better,46,0.021084919973561343,0.051030618371022615,0.13085209662027067,0.2469511664086056,6748,101,3.0930660865563464
San Bernardino,2181654,1078849,1102805,34.9,33.7,36,135299,552612,1532953,538762,403345,277924,50.5,25.3,191,8121,175551,1217877,173233,48725,6916,558853,285474,999400,51000,74218,1490,65377,0.6345514950166113,0.7438397656090288,Worse,262,0.12009237028419721,0.051030618371022615,0.13085209662027067,0.2469511664086056,5852,71,2.6823685148974126
San Diego,3298634,1642796,1655838,37.1,35.7,38.5,174765,689866,2461162,902436,695087,499874,50.2,20.9,82,13806,154587,1144893,403747,118802,13879,1443449,340522,1594100,68400,90756,2472,93474,0.08942202835332606,0.5624100764134488,As Expected,1940,0.58812223484024,0.04290822407628129,0.10323121631560216,0.27357869954653957,70417,1705,21.347321345744934
San Diego,3298634,1642796,1655838,37.1,35.7,38.5,174765,689866,2461162,902436,695087,499874,50.2,20.9,82,13806,154587,1144893,403747,118802,13879,1443449,340522,1594100,68400,90756,2472,93474,0.08942202835332606,0.5624100764134488,Better,258,0.0782141941179288,0.04290822407628129,0.10323121631560216,0.27357869954653957,16939,151,5.135155946370528
San Diego,3298634,1642796,1655838,37.1,35.7,38.5,174765,689866,2461162,902436,695087,499874,50.2,20.9,82,13806,154587,1144893,403747,118802,13879,1443449,340522,1594100,68400,90756,2472,93474,0.08942202835332606,0.5624100764134488,Worse,274,0.08306468677640502,0.04290822407628129,0.10323121631560216,0.27357869954653957,6118,90,1.854707130284839
San Francisco,873965,446144,427821,38.2,38.1,38.3,34890,113227,739967,242321,190340,142099,NA,NA,0,1690,42618,129499,301553,31667,3205,320040,90898,578400,20600,119776,1070,30931,0,0.6338068458119033,As Expected,560,0.6407579250885332,0.03561549100968188,0.10400645334767411,0.277266252081033,20866,1039,23.875097973030957
San Francisco,873965,446144,427821,38.2,38.1,38.3,34890,113227,739967,242321,190340,142099,NA,NA,0,1690,42618,129499,301553,31667,3205,320040,90898,578400,20600,119776,1070,30931,0,0.6338068458119033,Better,36,0.04119158089854857,0.03561549100968188,0.10400645334767411,0.277266252081033,1655,38,1.8936685107527191
San Francisco,873965,446144,427821,38.2,38.1,38.3,34890,113227,739967,242321,190340,142099,NA,NA,0,1690,42618,129499,301553,31667,3205,320040,90898,578400,20600,119776,1070,30931,0,0.6338068458119033,Worse,474,0.5423558151642228,0.03561549100968188,0.10400645334767411,0.277266252081033,8410,46,9.622810982133151
San Joaquin,779233,388163,391070,35.4,34.3,36.4,50041,205833,538902,196685,150012,106606,50.2,26.4,51,3298,55683,337646,135117,28383,5116,223036,95382,345900,21500,79598,721,28565,0.3090909090909091,0.7137749556294459,As Expected,591,0.7584381051623841,0.062156692685747326,0.12240498028189258,0.25240845806068274,22101,695,28.362505181377074
San Joaquin,779233,388163,391070,35.4,34.3,36.4,50041,205833,538902,196685,150012,106606,50.2,26.4,51,3298,55683,337646,135117,28383,5116,223036,95382,345900,21500,79598,721,28565,0.3090909090909091,0.7137749556294459,Better,81,0.10394836974306786,0.062156692685747326,0.12240498028189258,0.25240845806068274,5286,24,6.783593610640207
San Joaquin,779233,388163,391070,35.4,34.3,36.4,50041,205833,538902,196685,150012,106606,50.2,26.4,51,3298,55683,337646,135117,28383,5116,223036,95382,345900,21500,79598,721,28565,0.3090909090909091,0.7137749556294459,Worse,49,0.06288234712852254,0.062156692685747326,0.12240498028189258,0.25240845806068274,1178,19,1.51174295749795
San Luis Obispo,282424,140271,142153,41.4,40,43.1,12536,50680,215731,100554,82003,61253,50.3,17.9,0,1334,4487,66736,10514,7509,348,190044,35120,138100,5100,79688,222,5414,0,0.32709684729343114,As Expected,222,0.7860521768688213,0.036929761042722664,0.12435203807041895,0.3560391468147183,5414,425,19.169758943999092
San Luis Obispo,282424,140271,142153,41.4,40,43.1,12536,50680,215731,100554,82003,61253,50.3,17.9,0,1334,4487,66736,10514,7509,348,190044,35120,138100,5100,79688,222,5414,0,0.32709684729343114,Better,0,0,0.036929761042722664,0.12435203807041895,0.3560391468147183,0,2,0
San Luis Obispo,282424,140271,142153,41.4,40,43.1,12536,50680,215731,100554,82003,61253,50.3,17.9,0,1334,4487,66736,10514,7509,348,190044,35120,138100,5100,79688,222,5414,0,0.32709684729343114,Worse,0,0,0.036929761042722664,0.12435203807041895,0.3560391468147183,0,4,0
San Mateo,764442,377546,386896,39.9,38.4,41.2,40001,154206,586503,224120,172825,126316,50.6,20.2,17,1036,16216,174620,229299,28715,9240,273955,49900,457100,15200,131151,533,17714,0.4146341463414634,0.6416274877623155,As Expected,479,0.6266008408747819,0.03325311747976373,0.06527637152328103,0.29318117005606703,15200,634,19.883784512101638
San Mateo,764442,377546,386896,39.9,38.4,41.2,40001,154206,586503,224120,172825,126316,50.6,20.2,17,1036,16216,174620,229299,28715,9240,273955,49900,457100,15200,131151,533,17714,0.4146341463414634,0.6416274877623155,Better,30,0.039244311537042706,0.03325311747976373,0.06527637152328103,0.29318117005606703,2060,28,2.6947760588769323
San Mateo,764442,377546,386896,39.9,38.4,41.2,40001,154206,586503,224120,172825,126316,50.6,20.2,17,1036,16216,174620,229299,28715,9240,273955,49900,457100,15200,131151,533,17714,0.4146341463414634,0.6416274877623155,Worse,24,0.031395449229634165,0.03325311747976373,0.06527637152328103,0.29318117005606703,454,34,0.5938972479272463
Santa Barbara,448229,222051,226178,35.7,34.7,36.8,24738,97424,322384,126967,100589,74701,50.5,21.7,23,1829,7579,210360,23839,11134,771,190857,65029,226100,8800,83185,377,9769,0.6388888888888888,0.5741975641915181,As Expected,329,0.7339998081337887,0.038920831490490936,0.14507985873292448,0.28326368887332143,9041,398,20.170493207713022
Santa Barbara,448229,222051,226178,35.7,34.7,36.8,24738,97424,322384,126967,100589,74701,50.5,21.7,23,1829,7579,210360,23839,11134,771,190857,65029,226100,8800,83185,377,9769,0.6388888888888888,0.5741975641915181,Better,0,0,0.038920831490490936,0.14507985873292448,0.28326368887332143,0,3,0
Santa Barbara,448229,222051,226178,35.7,34.7,36.8,24738,97424,322384,126967,100589,74701,50.5,21.7,23,1829,7579,210360,23839,11134,771,190857,65029,226100,8800,83185,377,9769,0.6388888888888888,0.5741975641915181,Worse,48,0.10708811790401782,0.038920831490490936,0.14507985873292448,0.28326368887332143,728,16,1.6241697882109367
Santa Clara,1936259,975313,960946,37.5,36.4,38.7,101857,406542,1459434,499592,375483,267535,49.6,NA,0,3821,45110,465222,750276,61047,7166,544886,128955,1051800,40700,141161,1624,54477,0,0.7185882673753873,As Expected,1337,0.6905067968696337,0.03869556949990492,0.06660007777885087,0.2580192009436754,44762,1186,23.11777504972217
Santa Clara,1936259,975313,960946,37.5,36.4,38.7,101857,406542,1459434,499592,375483,267535,49.6,NA,0,3821,45110,465222,750276,61047,7166,544886,128955,1051800,40700,141161,1624,54477,0,0.7185882673753873,Better,74,0.03821802765022654,0.03869556949990492,0.06660007777885087,0.2580192009436754,5400,51,2.7888830988003153
Santa Clara,1936259,975313,960946,37.5,36.4,38.7,101857,406542,1459434,499592,375483,267535,49.6,NA,0,3821,45110,465222,750276,61047,7166,544886,128955,1051800,40700,141161,1624,54477,0,0.7185882673753873,Worse,213,0.11000594445267911,0.03869556949990492,0.06660007777885087,0.2580192009436754,4315,31,2.2285241798746966
Santa Cruz,270861,134471,136390,40.2,39.1,41.3,11939,51097,203996,86111,68014,49193,50.4,18.9,8,1069,2683,91706,12185,8204,327,150009,27132,135800,6900,90370,176,5853,0.36363636363636365,0.446177190514692,As Expected,176,0.6497797763428473,0.0508100147275405,0.10016945961212578,0.31791583136738033,5853,198,21.60886949394708
Santa Cruz,270861,134471,136390,40.2,39.1,41.3,11939,51097,203996,86111,68014,49193,50.4,18.9,8,1069,2683,91706,12185,8204,327,150009,27132,135800,6900,90370,176,5853,0.36363636363636365,0.446177190514692,Better,0,0,0.0508100147275405,0.10016945961212578,0.31791583136738033,0,4,0
Santa Cruz,270861,134471,136390,40.2,39.1,41.3,11939,51097,203996,86111,68014,49193,50.4,18.9,8,1069,2683,91706,12185,8204,327,150009,27132,135800,6900,90370,176,5853,0.36363636363636365,0.446177190514692,Worse,0,0,0.0508100147275405,0.10016945961212578,0.31791583136738033,0,2,0
Shasta,182155,89654,92501,42.8,41.3,44.5,9592,38643,137656,67271,54393,40779,50.8,21.2,13,4086,1951,20313,5750,7148,282,139925,25141,73000,3700,60187,405,9242,0.1511627906976744,0.23183552469051083,As Expected,160,0.8783728143613955,0.050684931506849315,0.13801981828662402,0.36930635996815897,5313,223,29.16746726688809
Shasta,182155,89654,92501,42.8,41.3,44.5,9592,38643,137656,67271,54393,40779,50.8,21.2,13,4086,1951,20313,5750,7148,282,139925,25141,73000,3700,60187,405,9242,0.1511627906976744,0.23183552469051083,Better,0,0,0.050684931506849315,0.13801981828662402,0.36930635996815897,0,4,0
Shasta,182155,89654,92501,42.8,41.3,44.5,9592,38643,137656,67271,54393,40779,50.8,21.2,13,4086,1951,20313,5750,7148,282,139925,25141,73000,3700,60187,405,9242,0.1511627906976744,0.23183552469051083,Worse,245,1.3450083719908867,0.050684931506849315,0.13801981828662402,0.36930635996815897,3929,44,21.569542422662018
Solano,453491,224784,228707,39,37.6,40.4,25069,98721,337875,136897,105588,75040,50.4,21.8,0,1828,59248,126596,70934,24542,3893,156507,44037,202000,9900,87348,543,13883,0,0.654883999902975,As Expected,486,1.0716860974087687,0.04900990099009901,0.097106668048539,0.3018736865781239,13037,400,28.748089818761564
Solano,453491,224784,228707,39,37.6,40.4,25069,98721,337875,136897,105588,75040,50.4,21.8,0,1828,59248,126596,70934,24542,3893,156507,44037,202000,9900,87348,543,13883,0,0.654883999902975,Better,0,0,0.04900990099009901,0.097106668048539,0.3018736865781239,0,2,0
Solano,453491,224784,228707,39,37.6,40.4,25069,98721,337875,136897,105588,75040,50.4,21.8,0,1828,59248,126596,70934,24542,3893,156507,44037,202000,9900,87348,543,13883,0,0.654883999902975,Worse,57,0.1256915793257198,0.04900990099009901,0.097106668048539,0.3018736865781239,846,28,1.865527651044894
Sonoma,488863,238535,250328,42.6,40.9,44.3,22615,95711,376112,171112,136987,102022,51.2,19.6,0,3319,7938,136073,21614,14723,1572,293978,43661,250100,9600,92999,375,11504,0,0.3986495193950043,As Expected,245,0.5011629024900637,0.03838464614154338,0.08931132034946396,0.3500203533505297,8292,552,16.96180729570452
Sonoma,488863,238535,250328,42.6,40.9,44.3,22615,95711,376112,171112,136987,102022,51.2,19.6,0,3319,7938,136073,21614,14723,1572,293978,43661,250100,9600,92999,375,11504,0,0.3986495193950043,Better,16,0.03272900587690212,0.03838464614154338,0.08931132034946396,0.3500203533505297,1308,12,2.675596230436748
Sonoma,488863,238535,250328,42.6,40.9,44.3,22615,95711,376112,171112,136987,102022,51.2,19.6,0,3319,7938,136073,21614,14723,1572,293978,43661,250100,9600,92999,375,11504,0,0.3986495193950043,Worse,114,0.23319416687292757,0.03838464614154338,0.08931132034946396,0.3500203533505297,1904,26,3.8947516993513522
Stanislaus,552878,272558,280320,35.5,34.4,36.5,35390,144970,384444,143291,109703,78433,50.7,26.2,20,2716,14995,271156,30994,15653,3994,209193,76921,241200,15700,73151,605,20967,0.20618556701030927,0.6216290031435506,As Expected,535,0.9676637522202005,0.06509121061359867,0.1391283429617384,0.2591729097558593,19565,417,35.387553854557424
Stanislaus,552878,272558,280320,35.5,34.4,36.5,35390,144970,384444,143291,109703,78433,50.7,26.2,20,2716,14995,271156,30994,15653,3994,209193,76921,241200,15700,73151,605,20967,0.20618556701030927,0.6216290031435506,Better,0,0,0.06509121061359867,0.1391283429617384,0.2591729097558593,0,21,0
Stanislaus,552878,272558,280320,35.5,34.4,36.5,35390,144970,384444,143291,109703,78433,50.7,26.2,20,2716,14995,271156,30994,15653,3994,209193,76921,241200,15700,73151,605,20967,0.20618556701030927,0.6216290031435506,Worse,70,0.12661021057086735,0.06509121061359867,0.1391283429617384,0.2591729097558593,1402,30,2.5358216460050857
Tulare,473117,234710,238407,32.3,31.4,33.1,33927,142024,309281,106889,81247,57838,50.4,NA,82,3305,6237,317073,16086,7027,440,126312,88367,209400,20600,57398,540,14384,0.47126436781609193,0.7330216415812579,As Expected,482,1.0187754825973279,0.09837631327602674,0.18677620969020348,0.2259250882973979,13193,241,27.885279962461716
Tulare,473117,234710,238407,32.3,31.4,33.1,33927,142024,309281,106889,81247,57838,50.4,NA,82,3305,6237,317073,16086,7027,440,126312,88367,209400,20600,57398,540,14384,0.47126436781609193,0.7330216415812579,Better,0,0,0.09837631327602674,0.18677620969020348,0.2259250882973979,0,4,0
Tulare,473117,234710,238407,32.3,31.4,33.1,33927,142024,309281,106889,81247,57838,50.4,NA,82,3305,6237,317073,16086,7027,440,126312,88367,209400,20600,57398,540,14384,0.47126436781609193,0.7330216415812579,Worse,58,0.12259124064449174,0.09837631327602674,0.18677620969020348,0.2259250882973979,1191,26,2.5173477173722354
Tuolumne,55620,28790,26830,48.9,45.9,51.7,2360,9352,44700,24061,20027,15053,48.2,16.8,3,780,863,6979,711,1507,136,41956,6848,20280,1040,61396,118,1923,0.375,0.24566702624955053,As Expected,94,1.690039554117224,0.05128205128205128,0.12312117943185905,0.43259618842143116,1577,85,28.353110391945346
Tuolumne,55620,28790,26830,48.9,45.9,51.7,2360,9352,44700,24061,20027,15053,48.2,16.8,3,780,863,6979,711,1507,136,41956,6848,20280,1040,61396,118,1923,0.375,0.24566702624955053,Better,0,0,0.05128205128205128,0.12312117943185905,0.43259618842143116,0,2,0
Tuolumne,55620,28790,26830,48.9,45.9,51.7,2360,9352,44700,24061,20027,15053,48.2,16.8,3,780,863,6979,711,1507,136,41956,6848,20280,1040,61396,118,1923,0.375,0.24566702624955053,Worse,24,0.43149946062567424,0.05128205128205128,0.12312117943185905,0.43259618842143116,346,6,6.220783890686803
Ventura,843843,414453,429390,39.5,38.1,40.8,43544,187645,621672,256681,198153,142526,50.9,22.2,0,2418,14826,362700,62245,21220,1490,359527,73968,412100,19100,95819,598,20817,0,0.573940887108147,As Expected,530,0.6280789198938665,0.04634797379276875,0.08765611612586702,0.30418099101373125,17241,683,20.43152576960406
Ventura,843843,414453,429390,39.5,38.1,40.8,43544,187645,621672,256681,198153,142526,50.9,22.2,0,2418,14826,362700,62245,21220,1490,359527,73968,412100,19100,95819,598,20817,0,0.573940887108147,Better,54,0.06399294655522414,0.04634797379276875,0.08765611612586702,0.30418099101373125,3286,36,3.8940893033419726
Ventura,843843,414453,429390,39.5,38.1,40.8,43544,187645,621672,256681,198153,142526,50.9,22.2,0,2418,14826,362700,62245,21220,1490,359527,73968,412100,19100,95819,598,20817,0,0.573940887108147,Worse,14,0.016590763921724774,0.04634797379276875,0.08765611612586702,0.30418099101373125,290,30,0.34366582409287033
